[{
  "_id": {
    "$oid": "64b2a3c4d5e6f7a8b9c0d117"
  },
  "stock": {
    "$numberInt": "150"
  }
},
{
  "_id": {
    "$oid": "64b2a3c4d5e6f7a8b9c0d111"
  },
  "stock": {
    "$numberInt": "100"
  }
},
{
  "_id": {
    "$oid": "64b2a3c4d5e6f7a8b9c0d119"
  },
  "stock": {
    "$numberInt": "90"
  }
},
{
  "_id": {
    "$oid": "64a1f2e1a1b2c3d4e5f6a790"
  },
  "stock": {
    "$numberInt": "20"
  }
},
{
  "_id": {
    "$oid": "64b2a3c4d5e6f7a8b9c0d113"
  },
  "stock": {
    "$numberInt": "70"
  }
},
{
  "_id": {
    "$oid": "64b2a3c4d5e6f7a8b9c0d118"
  },
  "stock": {
    "$numberInt": "15"
  }
},
{
  "_id": {
    "$oid": "64b2a3c4d5e6f7a8b9c0d115"
  },
  "stock": {
    "$numberInt": "200"
  }
},
{
  "_id": {
    "$oid": "64a1f2e1a1b2c3d4e5f6a789"
  },
  "stock": {
    "$numberInt": "57"
  }
},
{
  "_id": {
    "$oid": "64b2a3c4d5e6f7a8b9c0d120"
  },
  "stock": {
    "$numberInt": "40"
  }
},
{
  "_id": {
    "$oid": "64b2a3c4d5e6f7a8b9c0d112"
  },
  "stock": {
    "$numberInt": "5"
  }
},
{
  "_id": {
    "$oid": "64b2a3c4d5e6f7a8b9c0d114"
  },
  "stock": {
    "$numberInt": "10"
  }
},
{
  "_id": {
    "$oid": "64b2a3c4d5e6f7a8b9c0d116"
  },
  "stock": {
    "$numberInt": "30"
  }
}]