[{
  "_id": {
    "$oid": "686596744953bd59e306099a"
  },
  "clienteId": {
    "$oid": "64e1f2e1a1b2c3d4e5f6d00b"
  },
  "productoId": {
    "$oid": "64b2a3c4d5e6f7a8b9c0d119"
  },
  "calificacion": {
    "$numberInt": "3"
  },
  "comentario": "El pegamento funciona bien, pero es muy líquido.",
  "fechaReview": {
    "$date": {
      "$numberLong": "1750928100000"
    }
  }
},
{
  "_id": {
    "$oid": "686596744953bd59e306099b"
  },
  "clienteId": {
    "$oid": "64e1f2e1a1b2c3d4e5f6d00c"
  },
  "productoId": {
    "$oid": "64b2a3c4d5e6f7a8b9c0d120"
  },
  "calificacion": {
    "$numberInt": "4"
  },
  "comentario": "El vinilo es adhesivo fuerte y fácil de usar.",
  "fechaReview": {
    "$date": {
      "$numberLong": "1751051700000"
    }
  }
},
{
  "_id": {
    "$oid": "686596744953bd59e3060991"
  },
  "clienteId": {
    "$oid": "64e1f2e1a1b2c3d4e5f6d002"
  },
  "productoId": {
    "$oid": "64a1f2e1a1b2c3d4e5f6a790"
  },
  "calificacion": {
    "$numberInt": "4"
  },
  "comentario": "El hilo es de buena calidad pero un poco delgado.",
  "fechaReview": {
    "$date": {
      "$numberLong": "1750162500000"
    }
  }
},
{
  "_id": {
    "$oid": "686596744953bd59e3060992"
  },
  "clienteId": {
    "$oid": "64e1f2e1a1b2c3d4e5f6d003"
  },
  "productoId": {
    "$oid": "64b2a3c4d5e6f7a8b9c0d111"
  },
  "calificacion": {
    "$numberInt": "3"
  },
  "comentario": "Las agujas cumplen pero se doblan fácil.",
  "fechaReview": {
    "$date": {
      "$numberLong": "1750260600000"
    }
  }
},
{
  "_id": {
    "$oid": "686596744953bd59e3060993"
  },
  "clienteId": {
    "$oid": "64e1f2e1a1b2c3d4e5f6d004"
  },
  "productoId": {
    "$oid": "64b2a3c4d5e6f7a8b9c0d112"
  },
  "calificacion": {
    "$numberInt": "5"
  },
  "comentario": "Tela muy suave y bonito estampado.",
  "fechaReview": {
    "$date": {
      "$numberLong": "1750326300000"
    }
  }
},
{
  "_id": {
    "$oid": "686596744953bd59e3060998"
  },
  "clienteId": {
    "$oid": "64e1f2e1a1b2c3d4e5f6d009"
  },
  "productoId": {
    "$oid": "64b2a3c4d5e6f7a8b9c0d117"
  },
  "calificacion": {
    "$numberInt": "4"
  },
  "comentario": "Las perlas son de buen tamaño y color.",
  "fechaReview": {
    "$date": {
      "$numberLong": "1750760700000"
    }
  }
},
{
  "_id": {
    "$oid": "686596744953bd59e3060990"
  },
  "clienteId": {
    "$oid": "64e1f2e1a1b2c3d4e5f6d001"
  },
  "productoId": {
    "$oid": "64a1f2e1a1b2c3d4e5f6a789"
  },
  "calificacion": {
    "$numberInt": "5"
  },
  "comentario": "Excelente producto, muy resistente.",
  "fechaReview": {
    "$date": {
      "$numberLong": "1750068000000"
    }
  }
},
{
  "_id": {
    "$oid": "686596744953bd59e3060997"
  },
  "clienteId": {
    "$oid": "64e1f2e1a1b2c3d4e5f6d008"
  },
  "productoId": {
    "$oid": "64b2a3c4d5e6f7a8b9c0d116"
  },
  "calificacion": {
    "$numberInt": "3"
  },
  "comentario": "El cordón es útil, pero más corto de lo esperado.",
  "fechaReview": {
    "$date": {
      "$numberLong": "1750686600000"
    }
  }
},
{
  "_id": {
    "$oid": "686596744953bd59e3060994"
  },
  "clienteId": {
    "$oid": "64e1f2e1a1b2c3d4e5f6d005"
  },
  "productoId": {
    "$oid": "64b2a3c4d5e6f7a8b9c0d113"
  },
  "calificacion": {
    "$numberInt": "4"
  },
  "comentario": "Pintura con excelente cubrimiento.",
  "fechaReview": {
    "$date": {
      "$numberLong": "1750418400000"
    }
  }
},
{
  "_id": {
    "$oid": "686596744953bd59e3060995"
  },
  "clienteId": {
    "$oid": "64e1f2e1a1b2c3d4e5f6d006"
  },
  "productoId": {
    "$oid": "64b2a3c4d5e6f7a8b9c0d114"
  },
  "calificacion": {
    "$numberInt": "5"
  },
  "comentario": "Las brochas tienen cerdas suaves, muy recomendadas.",
  "fechaReview": {
    "$date": {
      "$numberLong": "1750515000000"
    }
  }
},
{
  "_id": {
    "$oid": "686596744953bd59e3060996"
  },
  "clienteId": {
    "$oid": "64e1f2e1a1b2c3d4e5f6d007"
  },
  "productoId": {
    "$oid": "64b2a3c4d5e6f7a8b9c0d115"
  },
  "calificacion": {
    "$numberInt": "2"
  },
  "comentario": "El foam se rompió en la primera manualidad.",
  "fechaReview": {
    "$date": {
      "$numberLong": "1750608000000"
    }
  }
},
{
  "_id": {
    "$oid": "686596744953bd59e3060999"
  },
  "clienteId": {
    "$oid": "64e1f2e1a1b2c3d4e5f6d00a"
  },
  "productoId": {
    "$oid": "64b2a3c4d5e6f7a8b9c0d118"
  },
  "calificacion": {
    "$numberInt": "5"
  },
  "comentario": "El encaje es muy bonito y resistente.",
  "fechaReview": {
    "$date": {
      "$numberLong": "1750872900000"
    }
  }
}]