[{
  "_id": {
    "$oid": "686595954953bd59e3060978"
  },
  "nombre": "Mercería San José",
  "contacto": "Carlos Ruiz",
  "teléfono": "+506 2111-3344",
  "dirección": "San José centro",
  "categorías": [
    "Cintas",
    "Hilos",
    "Botones"
  ]
},
{
  "_id": {
    "$oid": "686595954953bd59e306097d"
  },
  "nombre": "Deco y Diseño",
  "contacto": "Fernanda Soto",
  "teléfono": "+506 2556-8899",
  "dirección": "Puntarenas",
  "categorías": [
    "Vinilos",
    "Encajes"
  ]
},
{
  "_id": {
    "$oid": "686595954953bd59e3060982"
  },
  "nombre": "Manualidades Express",
  "contacto": "Carolina Vega",
  "teléfono": "+506 2001-4040",
  "dirección": "Limón centro",
  "categorías": [
    "Foam",
    "Tijeras"
  ]
},
{
  "_id": {
    "$oid": "686595954953bd59e306097a"
  },
  "nombre": "ArtePanorama",
  "contacto": "Luis Mora",
  "teléfono": "+506 2223-5566",
  "dirección": "Cartago oeste",
  "categorías": [
    "Pinturas",
    "Brochas"
  ]
},
{
  "_id": {
    "$oid": "686595954953bd59e306097b"
  },
  "nombre": "Foam Creativo",
  "contacto": "Ana Quesada",
  "teléfono": "+506 2334-6677",
  "dirección": "Alajuela centro",
  "categorías": [
    "Foam",
    "Pegamento"
  ]
},
{
  "_id": {
    "$oid": "686595954953bd59e3060981"
  },
  "nombre": "Encuadernados Varones",
  "contacto": "Belén Mora",
  "teléfono": "+506 2990-3030",
  "dirección": "Heredia",
  "categorías": [
    "Hojas",
    "Libretas"
  ]
},
{
  "_id": {
    "$oid": "686595954953bd59e306097c"
  },
  "nombre": "ABC Bisutería",
  "contacto": "Jorge Salas",
  "teléfono": "+506 2445-7788",
  "dirección": "Liberia",
  "categorías": [
    "Perlas",
    "Alambre"
  ]
},
{
  "_id": {
    "$oid": "686595954953bd59e306097e"
  },
  "nombre": "Costuras Ticas",
  "contacto": "Mario Gómez",
  "teléfono": "+506 2667-9900",
  "dirección": "Guanacaste",
  "categorías": [
    "Máquinas",
    "Hilos"
  ]
},
{
  "_id": {
    "$oid": "686595954953bd59e3060983"
  },
  "nombre": "Destino Tela",
  "contacto": "David Rojas",
  "teléfono": "+506 2113-5050",
  "dirección": "San Carlos",
  "categorías": [
    "Telas",
    "Cintas"
  ]
},
{
  "_id": {
    "$oid": "686595954953bd59e3060979"
  },
  "nombre": "Textiles La Fabrica",
  "contacto": "María Vargas",
  "teléfono": "+506 2112-4455",
  "dirección": "Heredia centro",
  "categorías": [
    "Telas",
    "Hilos"
  ]
},
{
  "_id": {
    "$oid": "686595954953bd59e306097f"
  },
  "nombre": "Papelería Universal",
  "contacto": "Sofía Castro",
  "teléfono": "+506 2778-1010",
  "dirección": "Cartago centro",
  "categorías": [
    "Hojas",
    "Stickers"
  ]
},
{
  "_id": {
    "$oid": "686595954953bd59e3060980"
  },
  "nombre": "Joyería Fina CR",
  "contacto": "Alejandro Ruiz",
  "teléfono": "+506 2889-2020",
  "dirección": "San José norte",
  "categorías": [
    "Gemas",
    "Metales"
  ]
},
{
  "_id": {
    "$oid": "64a1f2e1a1b2c3d4e5f6b001"
  },
  "direccion": null,
  "nombre": "Proveedor 64a1f2",
  "telefono": null
},
{
  "_id": {
    "$oid": "64a1f2e1a1b2c3d4e5f6b004"
  },
  "direccion": null,
  "nombre": "Proveedor 64a1f2",
  "telefono": null
},
{
  "_id": {
    "$oid": "64a1f2e1a1b2c3d4e5f6b008"
  },
  "direccion": null,
  "nombre": "Proveedor 64a1f2",
  "telefono": null
},
{
  "_id": {
    "$oid": "64a1f2e1a1b2c3d4e5f6b003"
  },
  "direccion": null,
  "nombre": "Proveedor 64a1f2",
  "telefono": null
},
{
  "_id": {
    "$oid": "64a1f2e1a1b2c3d4e5f6b002"
  },
  "direccion": null,
  "nombre": "Proveedor 64a1f2",
  "telefono": null
},
{
  "_id": {
    "$oid": "64a1f2e1a1b2c3d4e5f6b005"
  },
  "direccion": null,
  "nombre": "Proveedor 64a1f2",
  "telefono": null
},
{
  "_id": {
    "$oid": "64a1f2e1a1b2c3d4e5f6b007"
  },
  "direccion": null,
  "nombre": "Proveedor 64a1f2",
  "telefono": null
},
{
  "_id": {
    "$oid": "64a1f2e1a1b2c3d4e5f6b006"
  },
  "direccion": null,
  "nombre": "Proveedor 64a1f2",
  "telefono": null
}]