[{
  "_id": {
    "$oid": "686594d34953bd59e3060963"
  },
  "nombre": "Paquete Manualidades Creativas",
  "descripcion": "Foam sheets + pegamento 120 ml + tijeras creativas",
  "fechaCreacion": {
    "$date": {
      "$numberLong": "1749291600000"
    }
  },
  "precioCRC": {
    "$numberDecimal": "8347.5000000000000"
  },
  "moneda": "CRC",
  "nombreNorm": "paquete manualidades creativas"
},
{
  "_id": {
    "$oid": "686594d34953bd59e3060966"
  },
  "nombre": "Paquete Lencería Deluxe",
  "descripcion": "Encaje nylon 3 cm × 2 m + elásticos decorativos",
  "fechaCreacion": {
    "$date": {
      "$numberLong": "1749816000000"
    }
  },
  "precioCRC": {
    "$numberDecimal": "9434.0000000000000"
  },
  "moneda": "CRC",
  "nombreNorm": "paquete lencería deluxe"
},
{
  "_id": {
    "$oid": "686594d34953bd59e3060960"
  },
  "nombre": "Paquete Básico",
  "descripcion": "Cintas de raso y hilos para iniciarse en pasamanería",
  "fechaCreacion": {
    "$date": {
      "$numberLong": "1748768400000"
    }
  },
  "precioCRC": {
    "$numberDecimal": "6360"
  },
  "moneda": "CRC",
  "nombreNorm": "paquete básico"
},
{
  "_id": {
    "$oid": "686594d34953bd59e3060964"
  },
  "nombre": "Paquete Bisutería Starter",
  "descripcion": "Perlas acrílicas 100 g + rollo de alambre 1 mm",
  "fechaCreacion": {
    "$date": {
      "$numberLong": "1749487500000"
    }
  },
  "precioCRC": {
    "$numberDecimal": "7579.0000000000000"
  },
  "moneda": "CRC",
  "nombreNorm": "paquete bisutería starter"
},
{
  "_id": {
    "$oid": "686594d34953bd59e3060967"
  },
  "nombre": "Paquete Papelería Office",
  "descripcion": "Libreta A5 + stickers surtidos + bolígrafo premium",
  "fechaCreacion": {
    "$date": {
      "$numberLong": "1749981000000"
    }
  },
  "precioCRC": {
    "$numberDecimal": "6095.0000000000000"
  },
  "moneda": "CRC",
  "nombreNorm": "paquete papelería office"
},
{
  "_id": {
    "$oid": "686594d34953bd59e3060961"
  },
  "nombre": "Paquete Arte Inicial",
  "descripcion": "Pintura acrílica 250 ml + set de 5 brochas",
  "fechaCreacion": {
    "$date": {
      "$numberLong": "1748950200000"
    }
  },
  "precioCRC": {
    "$numberDecimal": "9805.0000000000000"
  },
  "moneda": "CRC",
  "nombreNorm": "paquete arte inicial"
},
{
  "_id": {
    "$oid": "686594d34953bd59e3060962"
  },
  "nombre": "Paquete Tejido Avanzado",
  "descripcion": "Agujas de 5 mm + 3 madejas de lana premium",
  "fechaCreacion": {
    "$date": {
      "$numberLong": "1749132900000"
    }
  },
  "precioCRC": {
    "$numberDecimal": "11660"
  },
  "moneda": "CRC",
  "nombreNorm": "paquete tejido avanzado"
},
{
  "_id": {
    "$oid": "686594d34953bd59e3060965"
  },
  "nombre": "Paquete Decoración Hogar",
  "descripcion": "Vinilo adhesivo 30×100 cm + encaje decorativo",
  "fechaCreacion": {
    "$date": {
      "$numberLong": "1749647400000"
    }
  },
  "precioCRC": {
    "$numberDecimal": "10600"
  },
  "moneda": "CRC",
  "nombreNorm": "paquete decoración hogar"
},
{
  "_id": {
    "$oid": "686594d34953bd59e3060968"
  },
  "nombre": "Paquete Costura Profesional",
  "descripcion": "Hilos varios + tijeras de confección + agujas especiales",
  "fechaCreacion": {
    "$date": {
      "$numberLong": "1750174200000"
    }
  },
  "precioCRC": {
    "$numberDecimal": "12720"
  },
  "moneda": "CRC",
  "nombreNorm": "paquete costura profesional"
},
{
  "_id": {
    "$oid": "686594d34953bd59e3060969"
  },
  "nombre": "Paquete Pintura Experto",
  "descripcion": "Lienzo 40×50 cm + óleo + pinceles profesionales",
  "fechaCreacion": {
    "$date": {
      "$numberLong": "1750327500000"
    }
  },
  "precioCRC": {
    "$numberDecimal": "15237.5000000000000"
  },
  "moneda": "CRC",
  "nombreNorm": "paquete pintura experto"
},
{
  "_id": {
    "$oid": "686594d34953bd59e306096a"
  },
  "nombre": "Paquete Joyería Pro",
  "descripcion": "Gemas surtidas + moldes de metal + alambre de plata",
  "fechaCreacion": {
    "$date": {
      "$numberLong": "1750516800000"
    }
  },
  "precioCRC": {
    "$numberDecimal": "16960"
  },
  "moneda": "CRC",
  "nombreNorm": "paquete joyería pro"
},
{
  "_id": {
    "$oid": "686594d34953bd59e306096b"
  },
  "nombre": "Paquete Completo Todo-en-Uno",
  "descripcion": "Selección de 5 productos top de cada categoría",
  "fechaCreacion": {
    "$date": {
      "$numberLong": "1750667100000"
    }
  },
  "precioCRC": {
    "$numberDecimal": "23850"
  },
  "moneda": "CRC",
  "nombreNorm": "paquete completo todo-en-uno"
},
{
  "_id": {
    "$oid": "64f3e4f5a6b7c8d9e0f1a206"
  },
  "descripcion": "placeholder generado por migración",
  "fechaCreacion": {
    "$date": {
      "$numberLong": "1755142656956"
    }
  },
  "moneda": "CRC",
  "nombre": "Paquete 64f3e4",
  "nombreNorm": "paquete 64f3e4",
  "precioCRC": {
    "$numberDecimal": "0"
  }
},
{
  "_id": {
    "$oid": "64f3e4f5a6b7c8d9e0f1a20a"
  },
  "descripcion": "placeholder generado por migración",
  "fechaCreacion": {
    "$date": {
      "$numberLong": "1755142656956"
    }
  },
  "moneda": "CRC",
  "nombre": "Paquete 64f3e4",
  "nombreNorm": "paquete 64f3e4",
  "precioCRC": {
    "$numberDecimal": "0"
  }
},
{
  "_id": {
    "$oid": "64f3e4f5a6b7c8d9e0f1a204"
  },
  "descripcion": "placeholder generado por migración",
  "fechaCreacion": {
    "$date": {
      "$numberLong": "1755142656956"
    }
  },
  "moneda": "CRC",
  "nombre": "Paquete 64f3e4",
  "nombreNorm": "paquete 64f3e4",
  "precioCRC": {
    "$numberDecimal": "0"
  }
},
{
  "_id": {
    "$oid": "64f3e4f5a6b7c8d9e0f1a207"
  },
  "descripcion": "placeholder generado por migración",
  "fechaCreacion": {
    "$date": {
      "$numberLong": "1755142656956"
    }
  },
  "moneda": "CRC",
  "nombre": "Paquete 64f3e4",
  "nombreNorm": "paquete 64f3e4",
  "precioCRC": {
    "$numberDecimal": "0"
  }
},
{
  "_id": {
    "$oid": "64f3e4f5a6b7c8d9e0f1a205"
  },
  "descripcion": "placeholder generado por migración",
  "fechaCreacion": {
    "$date": {
      "$numberLong": "1755142656956"
    }
  },
  "moneda": "CRC",
  "nombre": "Paquete 64f3e4",
  "nombreNorm": "paquete 64f3e4",
  "precioCRC": {
    "$numberDecimal": "0"
  }
},
{
  "_id": {
    "$oid": "64f3e4f5a6b7c8d9e0f1a209"
  },
  "descripcion": "placeholder generado por migración",
  "fechaCreacion": {
    "$date": {
      "$numberLong": "1755142656956"
    }
  },
  "moneda": "CRC",
  "nombre": "Paquete 64f3e4",
  "nombreNorm": "paquete 64f3e4",
  "precioCRC": {
    "$numberDecimal": "0"
  }
},
{
  "_id": {
    "$oid": "64f3e4f5a6b7c8d9e0f1a208"
  },
  "descripcion": "placeholder generado por migración",
  "fechaCreacion": {
    "$date": {
      "$numberLong": "1755142656956"
    }
  },
  "moneda": "CRC",
  "nombre": "Paquete 64f3e4",
  "nombreNorm": "paquete 64f3e4",
  "precioCRC": {
    "$numberDecimal": "0"
  }
},
{
  "_id": {
    "$oid": "64f3e4f5a6b7c8d9e0f1a20c"
  },
  "descripcion": "placeholder generado por migración",
  "fechaCreacion": {
    "$date": {
      "$numberLong": "1755142656956"
    }
  },
  "moneda": "CRC",
  "nombre": "Paquete 64f3e4",
  "nombreNorm": "paquete 64f3e4",
  "precioCRC": {
    "$numberDecimal": "0"
  }
},
{
  "_id": {
    "$oid": "64f3e4f5a6b7c8d9e0f1a20b"
  },
  "descripcion": "placeholder generado por migración",
  "fechaCreacion": {
    "$date": {
      "$numberLong": "1755142656956"
    }
  },
  "moneda": "CRC",
  "nombre": "Paquete 64f3e4",
  "nombreNorm": "paquete 64f3e4",
  "precioCRC": {
    "$numberDecimal": "0"
  }
},
{
  "_id": {
    "$oid": "64f3e4f5a6b7c8d9e0f1a203"
  },
  "descripcion": "placeholder generado por migración",
  "fechaCreacion": {
    "$date": {
      "$numberLong": "1755142656956"
    }
  },
  "moneda": "CRC",
  "nombre": "Paquete 64f3e4",
  "nombreNorm": "paquete 64f3e4",
  "precioCRC": {
    "$numberDecimal": "0"
  }
},
{
  "_id": {
    "$oid": "64f3e4f5a6b7c8d9e0f1a202"
  },
  "descripcion": "placeholder generado por migración",
  "fechaCreacion": {
    "$date": {
      "$numberLong": "1755142656956"
    }
  },
  "moneda": "CRC",
  "nombre": "Paquete 64f3e4",
  "nombreNorm": "paquete 64f3e4",
  "precioCRC": {
    "$numberDecimal": "0"
  }
},
{
  "_id": {
    "$oid": "64f3e4f5a6b7c8d9e0f1a201"
  },
  "descripcion": "placeholder generado por migración",
  "fechaCreacion": {
    "$date": {
      "$numberLong": "1755142656956"
    }
  },
  "moneda": "CRC",
  "nombre": "Paquete 64f3e4",
  "nombreNorm": "paquete 64f3e4",
  "precioCRC": {
    "$numberDecimal": "0"
  }
}]