[{
  "_id": {
    "$oid": "64f3e4f5a6b7c8d9e0f1b303"
  },
  "clave": "taxRate",
  "valor": {
    "$numberDouble": "0.13"
  },
  "descripcion": "Tasa de impuesto (13%)",
  "activo": true,
  "fechaCreacion": {
    "$date": {
      "$numberLong": "1750839000000"
    }
  },
  "exchangeRates": {
    "USD_CRC": {
      "$numberDecimal": "519.35"
    },
    "CRC_USD": {
      "$numberDecimal": "0.001925"
    }
  },
  "inventoryThreshold": {
    "$numberInt": "5"
  },
  "monedaBase": "CRC",
  "taxRate": {
    "$numberDecimal": "0.13"
  },
  "updatedAt": {
    "$date": {
      "$numberLong": "1755145632774"
    }
  },
  "singleton": true
}]