[{
  "_id": {
    "$oid": "686594844953bd59e3060955"
  },
  "productoId": {
    "$oid": "64a1f2e1a1b2c3d4e5f6a790"
  },
  "tipo": "ajuste",
  "cantidad": {
    "$numberInt": "20"
  },
  "fecha": {
    "$date": {
      "$numberLong": "1750249800000"
    }
  },
  "pedidoId": null,
  "nota": "Pedido 64a1f2e1a1b2c3d4e5f6e301 | auto: convertido de salida sin pedidoId (2025-08-14T03:58:35.773Z)"
},
{
  "_id": {
    "$oid": "689926bc67b82dfa82d6d9ec"
  },
  "productoId": {
    "$oid": "64a1f2e1a1b2c3d4e5f6a789"
  },
  "tipo": "salida",
  "cantidad": {
    "$numberInt": "2"
  },
  "fecha": {
    "$date": {
      "$numberLong": "1754867388858"
    }
  },
  "pedidoId": {
    "$oid": "6865952d4953bd59e306096c"
  },
  "nota": "Venta web #001"
},
{
  "_id": {
    "$oid": "686594844953bd59e3060954"
  },
  "productoId": {
    "$oid": "64a1f2e1a1b2c3d4e5f6a789"
  },
  "tipo": "entrada",
  "cantidad": {
    "$numberInt": "50"
  },
  "fecha": {
    "$date": {
      "$numberLong": "1749542400000"
    }
  },
  "origen": "Mercería Cartago"
},
{
  "_id": {
    "$oid": "686594844953bd59e3060957"
  },
  "productoId": {
    "$oid": "64b2a3c4d5e6f7a8b9c0d112"
  },
  "tipo": "ajuste",
  "cantidad": {
    "$numberInt": "5"
  },
  "fecha": {
    "$date": {
      "$numberLong": "1749900000000"
    }
  },
  "pedidoId": null,
  "nota": "Pedido 64a1f2e1a1b2c3d4e5f6e302 | auto: convertido de salida sin pedidoId (2025-08-14T03:58:35.773Z)"
},
{
  "_id": {
    "$oid": "686594844953bd59e306095a"
  },
  "productoId": {
    "$oid": "64b2a3c4d5e6f7a8b9c0d115"
  },
  "tipo": "entrada",
  "cantidad": {
    "$numberInt": "200"
  },
  "fecha": {
    "$date": {
      "$numberLong": "1750321800000"
    }
  },
  "origen": "Mercería Cartago"
},
{
  "_id": {
    "$oid": "686594844953bd59e306095b"
  },
  "productoId": {
    "$oid": "64b2a3c4d5e6f7a8b9c0d116"
  },
  "tipo": "ajuste",
  "cantidad": {
    "$numberInt": "30"
  },
  "fecha": {
    "$date": {
      "$numberLong": "1750413600000"
    }
  },
  "pedidoId": null,
  "nota": "Pedido 64a1f2e1a1b2c3d4e5f6e302 | auto: convertido de salida sin pedidoId (2025-08-14T03:58:35.773Z)"
},
{
  "_id": {
    "$oid": "686594844953bd59e306095d"
  },
  "productoId": {
    "$oid": "64b2a3c4d5e6f7a8b9c0d118"
  },
  "tipo": "ajuste",
  "cantidad": {
    "$numberInt": "15"
  },
  "fecha": {
    "$date": {
      "$numberLong": "1750510800000"
    }
  },
  "pedidoId": null,
  "nota": "Pedido 64a1f2e1a1b2c3d4e5f6e301 | auto: convertido de salida sin pedidoId (2025-08-14T03:58:35.773Z)"
},
{
  "_id": {
    "$oid": "686594844953bd59e306095f"
  },
  "productoId": {
    "$oid": "64b2a3c4d5e6f7a8b9c0d120"
  },
  "tipo": "ajuste",
  "cantidad": {
    "$numberInt": "40"
  },
  "fecha": {
    "$date": {
      "$numberLong": "1750682700000"
    }
  },
  "pedidoId": null,
  "nota": "Pedido 64a1f2e1a1b2c3d4e5f6e302 | auto: convertido de salida sin pedidoId (2025-08-14T03:58:35.773Z)"
},
{
  "_id": {
    "$oid": "686594844953bd59e3060959"
  },
  "productoId": {
    "$oid": "64b2a3c4d5e6f7a8b9c0d114"
  },
  "tipo": "ajuste",
  "cantidad": {
    "$numberInt": "10"
  },
  "fecha": {
    "$date": {
      "$numberLong": "1750090200000"
    }
  },
  "pedidoId": null,
  "nota": "Pedido 64a1f2e1a1b2c3d4e5f6e301 | auto: convertido de salida sin pedidoId (2025-08-14T03:58:35.773Z)"
},
{
  "_id": {
    "$oid": "686594844953bd59e306095c"
  },
  "productoId": {
    "$oid": "64b2a3c4d5e6f7a8b9c0d117"
  },
  "tipo": "entrada",
  "cantidad": {
    "$numberInt": "150"
  },
  "fecha": {
    "$date": {
      "$numberLong": "1750150800000"
    }
  },
  "origen": "Proveedor X"
},
{
  "_id": {
    "$oid": "689926bc67b82dfa82d6d9ed"
  },
  "productoId": {
    "$oid": "64a1f2e1a1b2c3d4e5f6a789"
  },
  "tipo": "ajuste",
  "cantidad": {
    "$numberInt": "-1"
  },
  "fecha": {
    "$date": {
      "$numberLong": "1754867388871"
    }
  },
  "nota": "Merma por daño"
},
{
  "_id": {
    "$oid": "686594844953bd59e3060956"
  },
  "productoId": {
    "$oid": "64b2a3c4d5e6f7a8b9c0d111"
  },
  "tipo": "entrada",
  "cantidad": {
    "$numberInt": "100"
  },
  "fecha": {
    "$date": {
      "$numberLong": "1749719700000"
    }
  },
  "origen": "Arte y Manualidades CR"
},
{
  "_id": {
    "$oid": "686594844953bd59e3060958"
  },
  "productoId": {
    "$oid": "64b2a3c4d5e6f7a8b9c0d113"
  },
  "tipo": "entrada",
  "cantidad": {
    "$numberInt": "70"
  },
  "fecha": {
    "$date": {
      "$numberLong": "1749825900000"
    }
  },
  "origen": "Arte y Manualidades CR"
},
{
  "_id": {
    "$oid": "686594844953bd59e306095e"
  },
  "productoId": {
    "$oid": "64b2a3c4d5e6f7a8b9c0d119"
  },
  "tipo": "entrada",
  "cantidad": {
    "$numberInt": "90"
  },
  "fecha": {
    "$date": {
      "$numberLong": "1750605900000"
    }
  },
  "origen": "Proveedor Y"
},
{
  "_id": {
    "$oid": "689926bc67b82dfa82d6d9eb"
  },
  "productoId": {
    "$oid": "64a1f2e1a1b2c3d4e5f6a789"
  },
  "tipo": "entrada",
  "cantidad": {
    "$numberInt": "10"
  },
  "fecha": {
    "$date": {
      "$numberLong": "1754867388850"
    }
  },
  "nota": "Compra al proveedor X"
}]