[{
  "_id": {
    "$oid": "6865961e4953bd59e306098e"
  },
  "clienteId": {
    "$oid": "64e1f2e1a1b2c3d4e5f6d00b"
  },
  "paqueteId": {
    "$oid": "64f3e4f5a6b7c8d9e0f1a20b"
  },
  "montoPagado": {
    "$numberInt": "180"
  },
  "fechaReserva": {
    "$date": {
      "$numberLong": "1749653400000"
    }
  }
},
{
  "_id": {
    "$oid": "6865961e4953bd59e306098a"
  },
  "clienteId": {
    "$oid": "64e1f2e1a1b2c3d4e5f6d007"
  },
  "paqueteId": {
    "$oid": "64f3e4f5a6b7c8d9e0f1a207"
  },
  "montoPagado": {
    "$numberDouble": "55.75"
  },
  "fechaReserva": {
    "$date": {
      "$numberLong": "1749301800000"
    }
  }
},
{
  "_id": {
    "$oid": "6865961e4953bd59e3060984"
  },
  "clienteId": {
    "$oid": "64e1f2e1a1b2c3d4e5f6d001"
  },
  "paqueteId": {
    "$oid": "64f3e4f5a6b7c8d9e0f1a201"
  },
  "montoPagado": {
    "$numberInt": "100"
  },
  "fechaReserva": {
    "$date": {
      "$numberLong": "1748768400000"
    }
  }
},
{
  "_id": {
    "$oid": "6865961e4953bd59e3060985"
  },
  "clienteId": {
    "$oid": "64e1f2e1a1b2c3d4e5f6d002"
  },
  "paqueteId": {
    "$oid": "64f3e4f5a6b7c8d9e0f1a202"
  },
  "montoPagado": {
    "$numberDouble": "45.5"
  },
  "fechaReserva": {
    "$date": {
      "$numberLong": "1748859300000"
    }
  }
},
{
  "_id": {
    "$oid": "6865961e4953bd59e3060987"
  },
  "clienteId": {
    "$oid": "64e1f2e1a1b2c3d4e5f6d004"
  },
  "paqueteId": {
    "$oid": "64f3e4f5a6b7c8d9e0f1a204"
  },
  "montoPagado": {
    "$numberDouble": "75.25"
  },
  "fechaReserva": {
    "$date": {
      "$numberLong": "1749045600000"
    }
  }
},
{
  "_id": {
    "$oid": "6865961e4953bd59e306098c"
  },
  "clienteId": {
    "$oid": "64e1f2e1a1b2c3d4e5f6d009"
  },
  "paqueteId": {
    "$oid": "64f3e4f5a6b7c8d9e0f1a209"
  },
  "montoPagado": {
    "$numberInt": "15"
  },
  "fechaReserva": {
    "$date": {
      "$numberLong": "1749470700000"
    }
  }
},
{
  "_id": {
    "$oid": "6865961e4953bd59e3060986"
  },
  "clienteId": {
    "$oid": "64e1f2e1a1b2c3d4e5f6d003"
  },
  "paqueteId": {
    "$oid": "64f3e4f5a6b7c8d9e0f1a203"
  },
  "montoPagado": {
    "$numberInt": "60"
  },
  "fechaReserva": {
    "$date": {
      "$numberLong": "1748950200000"
    }
  }
},
{
  "_id": {
    "$oid": "6865961e4953bd59e3060988"
  },
  "clienteId": {
    "$oid": "64e1f2e1a1b2c3d4e5f6d005"
  },
  "paqueteId": {
    "$oid": "64f3e4f5a6b7c8d9e0f1a205"
  },
  "montoPagado": {
    "$numberInt": "30"
  },
  "fechaReserva": {
    "$date": {
      "$numberLong": "1749138300000"
    }
  }
},
{
  "_id": {
    "$oid": "6865961e4953bd59e3060989"
  },
  "clienteId": {
    "$oid": "64e1f2e1a1b2c3d4e5f6d006"
  },
  "paqueteId": {
    "$oid": "64f3e4f5a6b7c8d9e0f1a206"
  },
  "montoPagado": {
    "$numberInt": "120"
  },
  "fechaReserva": {
    "$date": {
      "$numberLong": "1749201600000"
    }
  }
},
{
  "_id": {
    "$oid": "6865961e4953bd59e306098b"
  },
  "clienteId": {
    "$oid": "64e1f2e1a1b2c3d4e5f6d008"
  },
  "paqueteId": {
    "$oid": "64f3e4f5a6b7c8d9e0f1a208"
  },
  "montoPagado": {
    "$numberInt": "90"
  },
  "fechaReserva": {
    "$date": {
      "$numberLong": "1749400800000"
    }
  }
},
{
  "_id": {
    "$oid": "6865961e4953bd59e306098d"
  },
  "clienteId": {
    "$oid": "64e1f2e1a1b2c3d4e5f6d00a"
  },
  "paqueteId": {
    "$oid": "64f3e4f5a6b7c8d9e0f1a20a"
  },
  "montoPagado": {
    "$numberInt": "200"
  },
  "fechaReserva": {
    "$date": {
      "$numberLong": "1749551400000"
    }
  }
},
{
  "_id": {
    "$oid": "6865961e4953bd59e306098f"
  },
  "clienteId": {
    "$oid": "64e1f2e1a1b2c3d4e5f6d00c"
  },
  "paqueteId": {
    "$oid": "64f3e4f5a6b7c8d9e0f1a20c"
  },
  "montoPagado": {
    "$numberInt": "50"
  },
  "fechaReserva": {
    "$date": {
      "$numberLong": "1749727500000"
    }
  }
}]