[{
  "_id": {
    "$oid": "64c3d4e5f6a7b8c9d0e11101"
  },
  "nombre": "Pasamanería",
  "descripcion": "Cintas, botones, hilos y accesorios para costura fina.",
  "nombreNorm": "pasamanería"
},
{
  "_id": {
    "$oid": "64c3d4e5f6a7b8c9d0e11102"
  },
  "nombre": "Tejido",
  "descripcion": "Agujas, lanas y patrones para punto y crochet.",
  "nombreNorm": "tejido"
},
{
  "_id": {
    "$oid": "64c3d4e5f6a7b8c9d0e11103"
  },
  "nombre": "Textil",
  "descripcion": "Telas al por metro y todos los insumos de confección.",
  "nombreNorm": "textil"
},
{
  "_id": {
    "$oid": "64c3d4e5f6a7b8c9d0e11104"
  },
  "nombre": "Arte",
  "descripcion": "Pinturas, pinceles y materiales para bellas artes.",
  "nombreNorm": "arte"
},
{
  "_id": {
    "$oid": "64c3d4e5f6a7b8c9d0e11105"
  },
  "nombre": "Manualidades",
  "descripcion": "Foam, pegamentos, tijeras y herramientas creativas.",
  "nombreNorm": "manualidades"
},
{
  "_id": {
    "$oid": "64c3d4e5f6a7b8c9d0e11106"
  },
  "nombre": "Bisutería",
  "descripcion": "Perlas, alambres y cierres para elaboración de joyería.",
  "nombreNorm": "bisutería"
},
{
  "_id": {
    "$oid": "64c3d4e5f6a7b8c9d0e11107"
  },
  "nombre": "Decoración",
  "descripcion": "Vinilos, adhesivos y elementos decorativos para el hogar.",
  "nombreNorm": "decoración"
},
{
  "_id": {
    "$oid": "64c3d4e5f6a7b8c9d0e11108"
  },
  "nombre": "Lencería",
  "descripcion": "Encajes, elásticos y adornos para ropa íntima.",
  "nombreNorm": "lencería"
},
{
  "_id": {
    "$oid": "64c3d4e5f6a7b8c9d0e11109"
  },
  "nombre": "Papelería",
  "descripcion": "Hojas, libretas, stickers y utensilios de escritura.",
  "nombreNorm": "papelería"
},
{
  "_id": {
    "$oid": "64c3d4e5f6a7b8c9d0e11110"
  },
  "nombre": "Costura",
  "descripcion": "Máquinas, hilos y herramientas de confección.",
  "nombreNorm": "costura"
},
{
  "_id": {
    "$oid": "64c3d4e5f6a7b8c9d0e11111"
  },
  "nombre": "Pintura",
  "descripcion": "Esmaltes, barnices y pinceles especializados.",
  "nombreNorm": "pintura"
},
{
  "_id": {
    "$oid": "64c3d4e5f6a7b8c9d0e11112"
  },
  "nombre": "Joyería",
  "descripcion": "Metales, gemas y moldes para fabricación de joyas.",
  "nombreNorm": "joyería"
}]