[{
  "_id": {
    "$oid": "6865952d4953bd59e3060973"
  },
  "clienteId": {
    "$oid": "64e1f2e1a1b2c3d4e5f6d008"
  },
  "items": [
    {
      "productoId": {
        "$oid": "64b2a3c4d5e6f7a8b9c0d116"
      },
      "cantidad": {
        "$numberInt": "10"
      },
      "precioUnitario": {
        "$numberDecimal": "0.950000000000000"
      },
      "subtotalLinea": {
        "$numberDecimal": "9.50"
      },
      "impuestoLinea": {
        "$numberDecimal": "1.24"
      },
      "totalLinea": {
        "$numberDecimal": "10.74"
      },
      "precioUnit": {
        "$numberDecimal": "0"
      }
    }
  ],
  "total": {
    "$numberDecimal": "0"
  },
  "fechaPedido": {
    "$date": {
      "$numberLong": "1750680000000"
    }
  },
  "estado": "confirmado",
  "subtotal": {
    "$numberDecimal": "9.50"
  },
  "impuesto": {
    "$numberDecimal": "1.24"
  },
  "taxRate": {
    "$numberDecimal": "0.13"
  }
},
{
  "_id": {
    "$oid": "6865952d4953bd59e306096c"
  },
  "clienteId": {
    "$oid": "64e1f2e1a1b2c3d4e5f6d001"
  },
  "items": [
    {
      "productoId": {
        "$oid": "64a1f2e1a1b2c3d4e5f6a789"
      },
      "cantidad": {
        "$numberInt": "5"
      },
      "precioUnitario": {
        "$numberDecimal": "1.50000000000000"
      },
      "subtotalLinea": {
        "$numberDecimal": "7.50"
      },
      "impuestoLinea": {
        "$numberDecimal": "0.98"
      },
      "totalLinea": {
        "$numberDecimal": "8.48"
      },
      "precioUnit": {
        "$numberDecimal": "0"
      }
    }
  ],
  "total": {
    "$numberDecimal": "0"
  },
  "fechaPedido": {
    "$date": {
      "$numberLong": "1750064400000"
    }
  },
  "estado": "pendiente",
  "subtotal": {
    "$numberDecimal": "7.50"
  },
  "impuesto": {
    "$numberDecimal": "0.98"
  },
  "taxRate": {
    "$numberDecimal": "0.13"
  }
},
{
  "_id": {
    "$oid": "6865952d4953bd59e3060976"
  },
  "clienteId": {
    "$oid": "64e1f2e1a1b2c3d4e5f6d00b"
  },
  "items": [
    {
      "productoId": {
        "$oid": "64b2a3c4d5e6f7a8b9c0d119"
      },
      "cantidad": {
        "$numberInt": "6"
      },
      "precioUnitario": {
        "$numberDecimal": "1.65000000000000"
      },
      "subtotalLinea": {
        "$numberDecimal": "9.90"
      },
      "impuestoLinea": {
        "$numberDecimal": "1.29"
      },
      "totalLinea": {
        "$numberDecimal": "11.19"
      },
      "precioUnit": {
        "$numberDecimal": "0"
      }
    }
  ],
  "total": {
    "$numberDecimal": "0"
  },
  "fechaPedido": {
    "$date": {
      "$numberLong": "1750949700000"
    }
  },
  "estado": "pendiente",
  "subtotal": {
    "$numberDecimal": "9.90"
  },
  "impuesto": {
    "$numberDecimal": "1.29"
  },
  "taxRate": {
    "$numberDecimal": "0.13"
  }
},
{
  "_id": {
    "$oid": "6865952d4953bd59e3060972"
  },
  "clienteId": {
    "$oid": "64e1f2e1a1b2c3d4e5f6d007"
  },
  "items": [
    {
      "productoId": {
        "$oid": "64b2a3c4d5e6f7a8b9c0d115"
      },
      "cantidad": {
        "$numberInt": "5"
      },
      "precioUnitario": {
        "$numberDecimal": "1.10000000000000"
      },
      "subtotalLinea": {
        "$numberDecimal": "5.50"
      },
      "impuestoLinea": {
        "$numberDecimal": "0.72"
      },
      "totalLinea": {
        "$numberDecimal": "6.22"
      },
      "precioUnit": {
        "$numberDecimal": "0"
      }
    }
  ],
  "total": {
    "$numberDecimal": "0"
  },
  "fechaPedido": {
    "$date": {
      "$numberLong": "1750597200000"
    }
  },
  "estado": "pendiente",
  "subtotal": {
    "$numberDecimal": "5.50"
  },
  "impuesto": {
    "$numberDecimal": "0.72"
  },
  "taxRate": {
    "$numberDecimal": "0.13"
  }
},
{
  "_id": {
    "$oid": "6865952d4953bd59e3060974"
  },
  "clienteId": {
    "$oid": "64e1f2e1a1b2c3d4e5f6d009"
  },
  "items": [
    {
      "productoId": {
        "$oid": "64b2a3c4d5e6f7a8b9c0d117"
      },
      "cantidad": {
        "$numberInt": "4"
      },
      "precioUnitario": {
        "$numberDecimal": "2.25000000000000"
      },
      "subtotalLinea": {
        "$numberDecimal": "9.00"
      },
      "impuestoLinea": {
        "$numberDecimal": "1.17"
      },
      "totalLinea": {
        "$numberDecimal": "10.17"
      },
      "precioUnit": {
        "$numberDecimal": "0"
      }
    }
  ],
  "total": {
    "$numberDecimal": "0"
  },
  "fechaPedido": {
    "$date": {
      "$numberLong": "1750777800000"
    }
  },
  "estado": "pendiente",
  "subtotal": {
    "$numberDecimal": "9.00"
  },
  "impuesto": {
    "$numberDecimal": "1.17"
  },
  "taxRate": {
    "$numberDecimal": "0.13"
  }
},
{
  "_id": {
    "$oid": "6865952d4953bd59e3060971"
  },
  "clienteId": {
    "$oid": "64e1f2e1a1b2c3d4e5f6d006"
  },
  "items": [
    {
      "productoId": {
        "$oid": "64b2a3c4d5e6f7a8b9c0d114"
      },
      "cantidad": {
        "$numberInt": "2"
      },
      "precioUnitario": {
        "$numberDecimal": "5.20000000000000"
      },
      "subtotalLinea": {
        "$numberDecimal": "10.40"
      },
      "impuestoLinea": {
        "$numberDecimal": "1.35"
      },
      "totalLinea": {
        "$numberDecimal": "11.75"
      },
      "precioUnit": {
        "$numberDecimal": "0"
      }
    }
  ],
  "total": {
    "$numberDecimal": "0"
  },
  "fechaPedido": {
    "$date": {
      "$numberLong": "1750522800000"
    }
  },
  "estado": "confirmado",
  "subtotal": {
    "$numberDecimal": "10.40"
  },
  "impuesto": {
    "$numberDecimal": "1.35"
  },
  "taxRate": {
    "$numberDecimal": "0.13"
  }
},
{
  "_id": {
    "$oid": "6865952d4953bd59e3060970"
  },
  "clienteId": {
    "$oid": "64e1f2e1a1b2c3d4e5f6d005"
  },
  "items": [
    {
      "productoId": {
        "$oid": "64b2a3c4d5e6f7a8b9c0d113"
      },
      "cantidad": {
        "$numberInt": "1"
      },
      "precioUnitario": {
        "$numberDecimal": "3.75000000000000"
      },
      "subtotalLinea": {
        "$numberDecimal": "3.75"
      },
      "impuestoLinea": {
        "$numberDecimal": "0.49"
      },
      "totalLinea": {
        "$numberDecimal": "4.24"
      },
      "precioUnit": {
        "$numberDecimal": "0"
      }
    }
  ],
  "total": {
    "$numberDecimal": "0"
  },
  "fechaPedido": {
    "$date": {
      "$numberLong": "1750414500000"
    }
  },
  "estado": "pendiente",
  "subtotal": {
    "$numberDecimal": "3.75"
  },
  "impuesto": {
    "$numberDecimal": "0.49"
  },
  "taxRate": {
    "$numberDecimal": "0.13"
  }
},
{
  "_id": {
    "$oid": "6865952d4953bd59e306096e"
  },
  "clienteId": {
    "$oid": "64e1f2e1a1b2c3d4e5f6d003"
  },
  "items": [
    {
      "productoId": {
        "$oid": "64b2a3c4d5e6f7a8b9c0d111"
      },
      "cantidad": {
        "$numberInt": "3"
      },
      "precioUnitario": {
        "$numberDecimal": "2"
      },
      "subtotalLinea": {
        "$numberDecimal": "6.00"
      },
      "impuestoLinea": {
        "$numberDecimal": "0.78"
      },
      "totalLinea": {
        "$numberDecimal": "6.78"
      },
      "precioUnit": {
        "$numberDecimal": "0"
      }
    }
  ],
  "total": {
    "$numberDecimal": "0"
  },
  "fechaPedido": {
    "$date": {
      "$numberLong": "1750255200000"
    }
  },
  "estado": "pendiente",
  "subtotal": {
    "$numberDecimal": "6.00"
  },
  "impuesto": {
    "$numberDecimal": "0.78"
  },
  "taxRate": {
    "$numberDecimal": "0.13"
  }
},
{
  "_id": {
    "$oid": "6865952d4953bd59e3060977"
  },
  "clienteId": {
    "$oid": "64e1f2e1a1b2c3d4e5f6d00c"
  },
  "items": [
    {
      "productoId": {
        "$oid": "64b2a3c4d5e6f7a8b9c0d120"
      },
      "cantidad": {
        "$numberInt": "2"
      },
      "precioUnitario": {
        "$numberDecimal": "6"
      },
      "subtotalLinea": {
        "$numberDecimal": "12.00"
      },
      "impuestoLinea": {
        "$numberDecimal": "1.56"
      },
      "totalLinea": {
        "$numberDecimal": "13.56"
      },
      "precioUnit": {
        "$numberDecimal": "0"
      }
    }
  ],
  "total": {
    "$numberDecimal": "0"
  },
  "fechaPedido": {
    "$date": {
      "$numberLong": "1751024400000"
    }
  },
  "estado": "confirmado",
  "subtotal": {
    "$numberDecimal": "12.00"
  },
  "impuesto": {
    "$numberDecimal": "1.56"
  },
  "taxRate": {
    "$numberDecimal": "0.13"
  }
},
{
  "_id": {
    "$oid": "6865952d4953bd59e3060975"
  },
  "clienteId": {
    "$oid": "64e1f2e1a1b2c3d4e5f6d00a"
  },
  "items": [
    {
      "productoId": {
        "$oid": "64b2a3c4d5e6f7a8b9c0d118"
      },
      "cantidad": {
        "$numberInt": "3"
      },
      "precioUnitario": {
        "$numberDecimal": "2.80000000000000"
      },
      "subtotalLinea": {
        "$numberDecimal": "8.40"
      },
      "impuestoLinea": {
        "$numberDecimal": "1.09"
      },
      "totalLinea": {
        "$numberDecimal": "9.49"
      },
      "precioUnit": {
        "$numberDecimal": "0"
      }
    }
  ],
  "total": {
    "$numberDecimal": "0"
  },
  "fechaPedido": {
    "$date": {
      "$numberLong": "1750843800000"
    }
  },
  "estado": "confirmado",
  "subtotal": {
    "$numberDecimal": "8.40"
  },
  "impuesto": {
    "$numberDecimal": "1.09"
  },
  "taxRate": {
    "$numberDecimal": "0.13"
  }
},
{
  "_id": {
    "$oid": "6865952d4953bd59e306096d"
  },
  "clienteId": {
    "$oid": "64e1f2e1a1b2c3d4e5f6d002"
  },
  "items": [
    {
      "productoId": {
        "$oid": "64a1f2e1a1b2c3d4e5f6a790"
      },
      "cantidad": {
        "$numberInt": "2"
      },
      "precioUnitario": {
        "$numberDecimal": "0.800000000000000"
      },
      "subtotalLinea": {
        "$numberDecimal": "1.60"
      },
      "impuestoLinea": {
        "$numberDecimal": "0.21"
      },
      "totalLinea": {
        "$numberDecimal": "1.81"
      },
      "precioUnit": {
        "$numberDecimal": "0"
      }
    }
  ],
  "total": {
    "$numberDecimal": "0"
  },
  "fechaPedido": {
    "$date": {
      "$numberLong": "1750159800000"
    }
  },
  "estado": "confirmado",
  "subtotal": {
    "$numberDecimal": "1.60"
  },
  "impuesto": {
    "$numberDecimal": "0.21"
  },
  "taxRate": {
    "$numberDecimal": "0.13"
  }
},
{
  "_id": {
    "$oid": "6865952d4953bd59e306096f"
  },
  "clienteId": {
    "$oid": "64e1f2e1a1b2c3d4e5f6d004"
  },
  "items": [
    {
      "productoId": {
        "$oid": "64b2a3c4d5e6f7a8b9c0d112"
      },
      "cantidad": {
        "$numberInt": "4"
      },
      "precioUnitario": {
        "$numberDecimal": "4.50000000000000"
      },
      "subtotalLinea": {
        "$numberDecimal": "18.00"
      },
      "impuestoLinea": {
        "$numberDecimal": "2.34"
      },
      "totalLinea": {
        "$numberDecimal": "20.34"
      },
      "precioUnit": {
        "$numberDecimal": "0"
      }
    }
  ],
  "total": {
    "$numberDecimal": "0"
  },
  "fechaPedido": {
    "$date": {
      "$numberLong": "1750326300000"
    }
  },
  "estado": "confirmado",
  "subtotal": {
    "$numberDecimal": "18.00"
  },
  "impuesto": {
    "$numberDecimal": "2.34"
  },
  "taxRate": {
    "$numberDecimal": "0.13"
  }
}]