[{
  "_id": {
    "$oid": "64f3e4f5a6b7c8d9e0f1b303"
  },
  "exchangeRates": {
    "USD_CRC": {
      "$numberDecimal": "519.35"
    },
    "CRC_USD": {
      "$numberDecimal": "0.001925"
    }
  },
  "inventoryThreshold": {
    "$numberInt": "5"
  },
  "monedaBase": "CRC",
  "taxRate": {
    "$numberDecimal": "0.13"
  },
  "updatedAt": {
    "$date": {
      "$numberLong": "1755390459070"
    }
  },
  "singleton": true,
  "dateFormat": "DD/MM/YYYY",
  "defaultLanguage": "es",
  "maintenanceMode": false,
  "maxUploadSize": null,
  "siteName": "Detallitos CR",
  "smtpHost": "smtp-relay.brevo.com",
  "smtpPort": {
    "$numberInt": "587"
  },
  "supportEmail": "soporte@detallitos.cr",
  "timeZone": "America/Costa_Rica"
}]