[{
  "_id": {
    "$oid": "686594074953bd59e3060948"
  },
  "titulo": "Tejido en dos agujas",
  "descripcion": "Introducción al tejido básico en punto bobo y elástico.",
  "precio": {
    "$numberDecimal": "15.4000000000000"
  },
  "cupos": {
    "$numberInt": "8"
  },
  "horario": [
    "Lunes 10:00",
    "Miércoles 10:00"
  ]
},
{
  "_id": {
    "$oid": "686594074953bd59e3060949"
  },
  "titulo": "Crochet para amigurumis",
  "descripcion": "Técnicas de crochet para muñecos y figuras pequeñas.",
  "precio": {
    "$numberDecimal": "18.9000000000000"
  },
  "cupos": {
    "$numberInt": "6"
  },
  "horario": [
    "Viernes 14:00"
  ]
},
{
  "_id": {
    "$oid": "686594074953bd59e306094a"
  },
  "titulo": "Encaje decorativo",
  "descripcion": "Aprende a aplicar encaje en prendas y decoración del hogar.",
  "precio": {
    "$numberDecimal": "12.5000000000000"
  },
  "cupos": {
    "$numberInt": "10"
  },
  "horario": [
    "Martes 09:00",
    "Jueves 09:00"
  ]
},
{
  "_id": {
    "$oid": "686594074953bd59e306094b"
  },
  "titulo": "Pintura en tela",
  "descripcion": "Técnicas de pintura para camisetas y accesorios textiles.",
  "precio": {
    "$numberDecimal": "20"
  },
  "cupos": {
    "$numberInt": "5"
  },
  "horario": [
    "Sábado 15:00"
  ]
},
{
  "_id": {
    "$oid": "686594074953bd59e306094c"
  },
  "titulo": "Flores de foam",
  "descripcion": "Creación de flores y arreglos con foam.",
  "precio": {
    "$numberDecimal": "14"
  },
  "cupos": {
    "$numberInt": "12"
  },
  "horario": [
    "Miércoles 18:00"
  ]
},
{
  "_id": {
    "$oid": "686594074953bd59e306094d"
  },
  "titulo": "Joyería básica",
  "descripcion": "Elaboración de pulseras y collares sencillos.",
  "precio": {
    "$numberDecimal": "25"
  },
  "cupos": {
    "$numberInt": "7"
  },
  "horario": [
    "Viernes 10:00"
  ]
},
{
  "_id": {
    "$oid": "686594074953bd59e306094e"
  },
  "titulo": "Miniaturas con arcilla polimérica",
  "descripcion": "Modelado de figuras pequeñas con arcilla polimérica.",
  "precio": {
    "$numberDecimal": "22.5000000000000"
  },
  "cupos": {
    "$numberInt": "6"
  },
  "horario": [
    "Martes 16:00"
  ]
},
{
  "_id": {
    "$oid": "686594074953bd59e306094f"
  },
  "titulo": "Decoración con vinilos",
  "descripcion": "Uso de vinilo adhesivo para decorar superficies.",
  "precio": {
    "$numberDecimal": "18.5000000000000"
  },
  "cupos": {
    "$numberInt": "8"
  },
  "horario": [
    "Jueves 15:00"
  ]
},
{
  "_id": {
    "$oid": "686594074953bd59e3060950"
  },
  "titulo": "Costura a mano",
  "descripcion": "Técnicas de costura manual para prendas y accesorios.",
  "precio": {
    "$numberDecimal": "16"
  },
  "cupos": {
    "$numberInt": "10"
  },
  "horario": [
    "Lunes 14:00"
  ]
},
{
  "_id": {
    "$oid": "686594074953bd59e3060951"
  },
  "titulo": "Patchwork",
  "descripcion": "Creación de colchas y patchwork con retazos.",
  "precio": {
    "$numberDecimal": "30"
  },
  "cupos": {
    "$numberInt": "4"
  },
  "horario": [
    "Sábado 10:00"
  ]
},
{
  "_id": {
    "$oid": "686594074953bd59e3060952"
  },
  "titulo": "Macramé",
  "descripcion": "Técnicas de nudos para colgantes y decoraciones.",
  "precio": {
    "$numberDecimal": "19"
  },
  "cupos": {
    "$numberInt": "9"
  },
  "horario": [
    "Miércoles 11:00"
  ]
},
{
  "_id": {
    "$oid": "686594074953bd59e3060953"
  },
  "titulo": "Bordado creativo",
  "descripcion": "Diseños y técnicas de bordado en tela.",
  "precio": {
    "$numberDecimal": "17.5000000000000"
  },
  "cupos": {
    "$numberInt": "11"
  },
  "horario": [
    "Viernes 17:00"
  ]
}]