[{
  "_id": {
    "$oid": "64a1f2e1a1b2c3d4e5f6a789"
  },
  "sku": "PT-001",
  "nombre": "Cinta de raso 1 pulgada",
  "precioUnitario": {
    "$numberDouble": "1.5"
  },
  "stock": {
    "$numberInt": "57"
  },
  "categoria": "Pasamanería",
  "categoriaId": "64c3d4e5f6a7b8c9d0e11101",
  "categoriaNombre": "Pasamanería",
  "stockSource": "calc_inventario",
  "stockUpdatedAt": {
    "$date": {
      "$numberLong": "1754867159450"
    }
  },
  "precio": {
    "$numberDecimal": "0"
  }
},
{
  "_id": {
    "$oid": "64a1f2e1a1b2c3d4e5f6a790"
  },
  "sku": "PT-002",
  "nombre": "Hilo para bordar",
  "precioUnitario": {
    "$numberDouble": "0.8"
  },
  "stock": {
    "$numberInt": "-20"
  },
  "categoria": "Pasamanería",
  "categoriaId": "64c3d4e5f6a7b8c9d0e11101",
  "categoriaNombre": "Pasamanería",
  "stockSource": "calc_inventario",
  "stockUpdatedAt": {
    "$date": {
      "$numberLong": "1754867159450"
    }
  },
  "precio": {
    "$numberDecimal": "0"
  }
},
{
  "_id": {
    "$oid": "64b2a3c4d5e6f7a8b9c0d111"
  },
  "sku": "PT-003",
  "nombre": "Agujas de tejer talla 5 mm",
  "precioUnitario": {
    "$numberInt": "2"
  },
  "stock": {
    "$numberInt": "100"
  },
  "proveedorId": {
    "$oid": "64a1f2e1a1b2c3d4e5f6b003"
  },
  "categoria": "Tejido",
  "categoriaId": "64c3d4e5f6a7b8c9d0e11102",
  "categoriaNombre": "Tejido",
  "stockSource": "calc_inventario",
  "stockUpdatedAt": {
    "$date": {
      "$numberLong": "1754867159450"
    }
  },
  "precio": {
    "$numberDecimal": "0"
  }
},
{
  "_id": {
    "$oid": "64b2a3c4d5e6f7a8b9c0d112"
  },
  "sku": "PT-004",
  "nombre": "Tela algodón estampado 1 m",
  "precioUnitario": {
    "$numberDecimal": "4.50000000000000"
  },
  "stock": {
    "$numberInt": "-5"
  },
  "proveedorId": {
    "$oid": "64a1f2e1a1b2c3d4e5f6b004"
  },
  "categoria": "Textil",
  "categoriaId": {
    "$oid": "64c3d4e5f6a7b8c9d0e11103"
  },
  "categoriaNombre": "Textil",
  "stockSource": "calc_inventario",
  "stockUpdatedAt": {
    "$date": {
      "$numberLong": "1754867159450"
    }
  },
  "precio": {
    "$numberDecimal": "0"
  }
},
{
  "_id": {
    "$oid": "64b2a3c4d5e6f7a8b9c0d113"
  },
  "sku": "PT-005",
  "nombre": "Pintura acrílica bote 250 ml",
  "precioUnitario": {
    "$numberDecimal": "3.75000000000000"
  },
  "stock": {
    "$numberInt": "70"
  },
  "proveedorId": {
    "$oid": "64a1f2e1a1b2c3d4e5f6b005"
  },
  "categoria": "Arte",
  "categoriaId": {
    "$oid": "64c3d4e5f6a7b8c9d0e11104"
  },
  "categoriaNombre": "Arte",
  "stockSource": "calc_inventario",
  "stockUpdatedAt": {
    "$date": {
      "$numberLong": "1754867159450"
    }
  },
  "precio": {
    "$numberDecimal": "0"
  }
},
{
  "_id": {
    "$oid": "64b2a3c4d5e6f7a8b9c0d114"
  },
  "sku": "PT-006",
  "nombre": "Brochas para pintura set x5",
  "precioUnitario": null,
  "stock": {
    "$numberInt": "-10"
  },
  "proveedorId": {
    "$oid": "64a1f2e1a1b2c3d4e5f6b005"
  },
  "categoria": "Arte",
  "categoriaId": "64c3d4e5f6a7b8c9d0e11104",
  "categoriaNombre": "Arte",
  "stockSource": "calc_inventario",
  "stockUpdatedAt": {
    "$date": {
      "$numberLong": "1754867159450"
    }
  },
  "precio": {
    "$numberDecimal": "0"
  }
},
{
  "_id": {
    "$oid": "64b2a3c4d5e6f7a8b9c0d115"
  },
  "sku": "PT-007",
  "nombre": "Foam sheets 30x40 cm",
  "precioUnitario": {
    "$numberDecimal": "1.10000000000000"
  },
  "stock": {
    "$numberInt": "200"
  },
  "proveedorId": {
    "$oid": "64a1f2e1a1b2c3d4e5f6b002"
  },
  "categoria": "Manualidades",
  "categoriaId": {
    "$oid": "64c3d4e5f6a7b8c9d0e11105"
  },
  "categoriaNombre": "Manualidades",
  "stockSource": "calc_inventario",
  "stockUpdatedAt": {
    "$date": {
      "$numberLong": "1754867159450"
    }
  },
  "precio": {
    "$numberDecimal": "0"
  }
},
{
  "_id": {
    "$oid": "64b2a3c4d5e6f7a8b9c0d116"
  },
  "sku": "PT-008",
  "nombre": "Cordón encerado 2 mm x 10 m",
  "precioUnitario": {
    "$numberDecimal": "0.950000000000000"
  },
  "stock": {
    "$numberInt": "-30"
  },
  "proveedorId": {
    "$oid": "64a1f2e1a1b2c3d4e5f6b001"
  },
  "categoria": "Pasamanería",
  "categoriaId": {
    "$oid": "64c3d4e5f6a7b8c9d0e11101"
  },
  "categoriaNombre": "Pasamanería",
  "stockSource": "calc_inventario",
  "stockUpdatedAt": {
    "$date": {
      "$numberLong": "1754867159450"
    }
  },
  "precio": {
    "$numberDecimal": "0"
  }
},
{
  "_id": {
    "$oid": "64b2a3c4d5e6f7a8b9c0d117"
  },
  "sku": "PT-009",
  "nombre": "Perlas acrílicas x100 gr",
  "precioUnitario": {
    "$numberDecimal": "2.25000000000000"
  },
  "stock": {
    "$numberInt": "150"
  },
  "categoria": "Bisutería",
  "categoriaId": {
    "$oid": "64c3d4e5f6a7b8c9d0e11106"
  },
  "categoriaNombre": "Bisutería",
  "stockSource": "calc_inventario",
  "stockUpdatedAt": {
    "$date": {
      "$numberLong": "1754867159450"
    }
  },
  "precio": {
    "$numberDecimal": "0"
  }
},
{
  "_id": {
    "$oid": "64b2a3c4d5e6f7a8b9c0d118"
  },
  "sku": "PT-010",
  "nombre": "Encaje de nylon 3 cm x 2 m",
  "precioUnitario": {
    "$numberDecimal": "2.80000000000000"
  },
  "stock": {
    "$numberInt": "-15"
  },
  "categoria": "Lencería",
  "categoriaId": {
    "$oid": "64c3d4e5f6a7b8c9d0e11108"
  },
  "categoriaNombre": "Lencería",
  "stockSource": "calc_inventario",
  "stockUpdatedAt": {
    "$date": {
      "$numberLong": "1754867159450"
    }
  },
  "precio": {
    "$numberDecimal": "0"
  }
},
{
  "_id": {
    "$oid": "64b2a3c4d5e6f7a8b9c0d119"
  },
  "sku": "PT-011",
  "nombre": "Pegamento para manualidades 120 ml",
  "precioUnitario": {
    "$numberDecimal": "1.65000000000000"
  },
  "stock": {
    "$numberInt": "90"
  },
  "proveedorId": {
    "$oid": "64a1f2e1a1b2c3d4e5f6b004"
  },
  "categoria": "Manualidades",
  "categoriaId": {
    "$oid": "64c3d4e5f6a7b8c9d0e11105"
  },
  "categoriaNombre": "Manualidades",
  "stockSource": "calc_inventario",
  "stockUpdatedAt": {
    "$date": {
      "$numberLong": "1754867159450"
    }
  },
  "precio": {
    "$numberDecimal": "0"
  }
},
{
  "_id": {
    "$oid": "68a5d4a67db71f262ed31585"
  },
  "sku": "",
  "nombre": "",
  "precioUnitario": null,
  "stock": null,
  "categoria": "",
  "categoriaId": "",
  "categoriaNombre": "",
  "stockSource": "",
  "__v": {
    "$numberInt": "0"
  },
  "precio": {
    "$numberDecimal": "0"
  }
}]