[{
  "_id": {
    "$oid": "64e1f2e1a1b2c3d4e5f6d001"
  },
  "nombre": "María López Rodríguez",
  "email": "maria.lopez@mail.com",
  "tipoCliente": "particular",
  "fechaRegistro": {
    "$date": {
      "$numberLong": "1749983400000"
    }
  },
  "telefono": "+506 8888-1122"
},
{
  "_id": {
    "$oid": "64e1f2e1a1b2c3d4e5f6d002"
  },
  "nombre": "Juan Pérez",
  "email": "juan.perez@example.com",
  "tipoCliente": "particular",
  "fechaRegistro": {
    "$date": {
      "$numberLong": "1750085100000"
    }
  },
  "telefono": "+506 8777-2233"
},
{
  "_id": {
    "$oid": "64e1f2e1a1b2c3d4e5f6d003"
  },
  "nombre": "Empresa XYZ S.A.",
  "email": "contacto@xyzcr.com",
  "tipoCliente": "corporativo",
  "fechaRegistro": {
    "$date": {
      "$numberLong": "1747731600000"
    }
  },
  "telefono": "+506 2222-3344"
},
{
  "_id": {
    "$oid": "64e1f2e1a1b2c3d4e5f6d004"
  },
  "nombre": "Luisa Fernández",
  "email": "luisa.fernandez@mail.com",
  "tipoCliente": "particular",
  "fechaRegistro": {
    "$date": {
      "$numberLong": "1749557700000"
    }
  },
  "telefono": "+506 8999-4455"
},
{
  "_id": {
    "$oid": "64e1f2e1a1b2c3d4e5f6d005"
  },
  "nombre": "Panadería La Central",
  "email": "ventas@lacentral.cr",
  "tipoCliente": "corporativo",
  "fechaRegistro": {
    "$date": {
      "$numberLong": "1748764800000"
    }
  },
  "telefono": "+506 2222-5566"
},
{
  "_id": {
    "$oid": "64e1f2e1a1b2c3d4e5f6d006"
  },
  "nombre": "Carlos Gómez",
  "email": "carlos.gomez@mail.com",
  "tipoCliente": "particular",
  "fechaRegistro": {
    "$date": {
      "$numberLong": "1750267800000"
    }
  },
  "telefono": "+506 8998-7766"
},
{
  "_id": {
    "$oid": "64e1f2e1a1b2c3d4e5f6d007"
  },
  "nombre": "Clínica Costa Rica",
  "email": "info@clinica.cr",
  "tipoCliente": "corporativo",
  "fechaRegistro": {
    "$date": {
      "$numberLong": "1744716000000"
    }
  },
  "telefono": "+506 2233-4455"
},
{
  "_id": {
    "$oid": "64e1f2e1a1b2c3d4e5f6d008"
  },
  "nombre": "Ana Morales",
  "email": "ana.morales@mail.com",
  "tipoCliente": "particular",
  "fechaRegistro": {
    "$date": {
      "$numberLong": "1750532400000"
    }
  },
  "telefono": "+506 9000-1122"
},
{
  "_id": {
    "$oid": "64e1f2e1a1b2c3d4e5f6d009"
  },
  "nombre": "TechSale Corp",
  "email": "contacto@techsale.com",
  "tipoCliente": "corporativo",
  "fechaRegistro": {
    "$date": {
      "$numberLong": "1743329400000"
    }
  },
  "telefono": "+506 2277-8899"
},
{
  "_id": {
    "$oid": "64e1f2e1a1b2c3d4e5f6d00a"
  },
  "nombre": "Fernando Ramírez",
  "email": "fernando.ramirez@mail.com",
  "tipoCliente": "particular",
  "fechaRegistro": {
    "$date": {
      "$numberLong": "1749138300000"
    }
  },
  "telefono": "+506 8881-2233"
},
{
  "_id": {
    "$oid": "64e1f2e1a1b2c3d4e5f6d00b"
  },
  "nombre": "Editorial Costa Rica",
  "email": "ventas@editorialcr.com",
  "tipoCliente": "corporativo",
  "fechaRegistro": {
    "$date": {
      "$numberLong": "1740043800000"
    }
  },
  "telefono": "+506 2233-5566"
},
{
  "_id": {
    "$oid": "64e1f2e1a1b2c3d4e5f6d00c"
  },
  "nombre": "Marcos Castillo",
  "email": "marcos.castillo@mail.com",
  "tipoCliente": "particular",
  "fechaRegistro": {
    "$date": {
      "$numberLong": "1750598700000"
    }
  },
  "telefono": "+506 8770-6655"
},
{
  "_id": {
    "$oid": "68a63c8339107648dd8292cb"
  },
  "nombre": "Indira",
  "email": "indyrodg@gmail.com",
  "fechaRegistro": {
    "$date": {
      "$numberLong": "1756425600000"
    }
  },
  "telefono": "+506 8888-1122",
  "__v": {
    "$numberInt": "0"
  }
},
{
  "_id": {
    "$oid": "68a63edf39107648dd8292d4"
  },
  "nombre": "Indira",
  "email": "indyrodg@gmail.com",
  "fechaRegistro": {
    "$date": {
      "$numberLong": "1754697600000"
    }
  },
  "telefono": "+506 8888-1122",
  "__v": {
    "$numberInt": "0"
  }
}]